ComplaintID,ProductID,Description,CustomerID
1,I161,Rem porro omnis nam asperiores incidunt.,C161
2,I85,Quidem odit nemo mollitia numquam.,C43
3,I5,Hic id suscipit sit.,C129
4,I10,Tempora magni possimus velit tempora aliquid expedita.,C135
5,I7,Quidem illo praesentium minus error repudiandae.,C77
6,I196,Quam iusto deserunt voluptate tempore totam accusamus optio.,C109
7,I38,Quis dolorem cum hic pariatur voluptatum eos.,C47
8,I96,Eligendi nulla quasi vitae dolorem necessitatibus unde voluptate.,C179
9,I163,Deserunt laboriosam odit dignissimos.,C104
10,I76,Expedita voluptates officiis impedit occaecati sed quos.,C39
11,I155,Odio nisi sit et neque cumque consectetur harum.,C67
12,I91,Libero aspernatur ipsam vitae.,C44
13,I47,Magni enim ullam nam officia corporis voluptates.,C45
14,I141,Quia mollitia tenetur at.,C29
15,I4,Reprehenderit necessitatibus hic deleniti nobis aspernatur perferendis.,C18
16,I132,Nostrum sint illo beatae omnis.,C150
17,I1,Cumque non magni voluptatum.,C29
18,I111,Sunt accusamus totam perspiciatis quasi.,C26
19,I18,Architecto reprehenderit numquam exercitationem.,C44
20,I180,A eum tempora neque quo.,C54
21,I138,Veniam quia quo sit ab id reprehenderit.,C76
22,I19,Perferendis aliquam maiores quae reiciendis optio magni atque.,C31
23,I7,Magnam ut dolor error ex necessitatibus rem.,C94
24,I142,Eum assumenda facilis corrupti.,C47
25,I103,Debitis quibusdam provident.,C146
26,I89,Quos minima voluptatem corporis occaecati molestiae.,C45
27,I149,At sint aut laudantium accusamus aliquam ad molestiae.,C187
28,I62,Alias deserunt exercitationem.,C139
29,I110,Dolorum nulla quas.,C21
30,I193,Beatae neque modi maiores pariatur ipsum magnam.,C83
