Gardener_ReviewID,GardenerID,Review,CustomerID,Rating
Z1,G97,Vero soluta atque consectetur corporis magni magni.,C185,2.00
Z10,G50,Quasi recusandae amet nesciunt similique.,C52,3.00
Z100,G45,Ab fugiat nam officia voluptas aut.,C32,3.00
Z11,G143,Explicabo quisquam quia accusamus quis.,C143,5.00
Z12,G121,Nisi ea inventore esse aliquid tempore.,C118,3.00
Z13,G20,Mollitia officiis maiores quis.,C182,5.00
Z14,G22,In maiores repellat vel natus.,C179,2.00
Z15,G74,Reprehenderit doloribus commodi exercitationem molestiae culpa culpa fuga.,C103,5.00
Z16,G43,Delectus aperiam fuga eos.,C40,2.00
Z17,G42,Necessitatibus nobis officia pariatur saepe assumenda rem.,C53,4.00
Z18,G93,Consequuntur incidunt fugiat laboriosam ipsa.,C34,2.00
Z19,G90,Nam nam deleniti excepturi perspiciatis nisi rem illo.,C51,4.00
Z2,G119,Perspiciatis nemo libero.,C65,4.00
Z20,G163,Eius fugit et mollitia aut eius.,C25,5.00
Z21,G4,Tempora delectus assumenda illo amet repellat.,C101,3.00
Z22,G42,Temporibus voluptate suscipit qui.,C45,2.00
Z23,G162,Expedita ad sit aspernatur harum a inventore.,C39,3.00
Z24,G90,Perspiciatis neque quod magnam eligendi.,C106,5.00
Z25,G106,Officia soluta voluptatem asperiores occaecati.,C18,2.00
Z26,G8,Ipsum praesentium id quis mollitia eos.,C73,5.00
Z27,G109,Odit quos in qui dolor animi.,C89,2.00
Z28,G28,Commodi sunt quasi dolorem ex incidunt.,C45,2.00
Z29,G49,Facilis assumenda magni nulla dolorum fugiat molestias.,C186,2.00
Z3,G39,Delectus itaque placeat beatae minima.,C157,3.00
Z30,G82,Perferendis adipisci deleniti inventore voluptatum impedit.,C44,5.00
Z31,G145,Minima occaecati numquam praesentium architecto dignissimos accusamus.,C5,2.00
Z32,G176,Quaerat soluta molestias quibusdam facere cum.,C56,2.00
Z33,G164,Incidunt quasi distinctio beatae veniam.,C116,4.00
Z34,G167,Impedit sequi suscipit iure eligendi veritatis.,C176,4.00
Z35,G122,Harum id nisi dolore laudantium alias tenetur.,C168,3.00
Z36,G125,Magnam explicabo iste dolores doloribus assumenda cumque.,C28,4.00
Z37,G138,Consequuntur nobis placeat accusantium blanditiis.,C22,3.00
Z38,G160,Eius quaerat maxime blanditiis tempore quaerat blanditiis.,C117,5.00
Z39,G26,Ex doloremque porro quam dolorem quibusdam.,C88,4.00
Z4,G105,Itaque repellat dolorum ipsa.,C159,3.00
Z40,G186,Nostrum quisquam nesciunt cupiditate incidunt ipsam ut.,C87,5.00
Z41,G194,Aliquid reiciendis blanditiis similique.,C185,5.00
Z43,G104,Ipsum modi occaecati impedit natus quas libero.,C95,3.00
Z44,G150,Ipsam eligendi aliquam temporibus blanditiis enim modi.,C23,2.00
Z45,G132,Praesentium ut in libero excepturi.,C157,4.00
Z46,G36,Adipisci eum velit molestias saepe eos repellendus.,C145,5.00
Z47,G75,Odit natus at blanditiis rerum sapiente.,C110,5.00
Z48,G161,Mollitia amet aut est quidem.,C199,5.00
Z5,G159,Perspiciatis molestiae vel eum hic natus et.,C62,3.00
Z50,G121,Provident ipsam ducimus exercitationem optio.,C5,2.00
Z51,G102,Nulla porro id id itaque numquam corrupti eum.,C68,5.00
Z52,G146,Cum incidunt delectus autem molestias inventore.,C14,5.00
Z53,G87,Impedit dolorum blanditiis ullam.,C94,4.00
Z54,G193,Reiciendis libero magnam iusto.,C30,2.00
Z55,G77,Porro tempore qui.,C42,5.00
Z56,G3,Vitae harum ipsum sequi modi at.,C35,4.00
Z57,G189,Culpa voluptate vel facilis.,C68,4.00
Z58,G44,Ullam cupiditate consequatur dolorum debitis.,C34,3.00
Z59,G120,Necessitatibus eos ratione quia optio.,C128,2.00
Z6,G7,In magni suscipit.,C57,3.00
Z60,G113,Expedita harum accusamus laboriosam magnam deleniti quae.,C14,2.00
Z61,G179,Saepe quas consequuntur amet quam.,C80,4.00
Z62,G95,Delectus totam accusantium unde.,C131,2.00
Z63,G72,Qui numquam fugiat illum quo velit.,C169,5.00
Z64,G73,Laudantium dolorem id ut ratione omnis culpa.,C164,4.00
Z65,G64,Fugiat fugiat iusto maxime.,C57,5.00
Z66,G5,Possimus eius corporis.,C2,3.00
Z67,G96,Ab quae aut quae a fugiat nemo.,C7,4.00
Z68,G146,Necessitatibus natus quis itaque.,C138,3.00
Z69,G111,Rem explicabo natus sit voluptatem eaque modi.,C72,3.00
Z7,G55,Molestiae illum dicta ea.,C128,3.00
Z71,G97,Voluptatum occaecati omnis minima pariatur eligendi expedita minima.,C117,5.00
Z72,G71,Repellat ipsum aliquid minima.,C192,5.00
Z73,G180,Inventore similique vero ab facere debitis fuga.,C134,2.00
Z74,G74,Natus harum expedita minima commodi dicta ratione.,C176,4.00
Z75,G44,Aliquid voluptas quas sequi unde minima iure.,C56,2.00
Z76,G127,Corrupti labore repellat quibusdam earum eaque ratione.,C7,5.00
Z77,G11,Magnam vel repudiandae blanditiis.,C39,5.00
Z78,G147,Ullam vel fuga quis magni optio sequi.,C35,2.00
Z79,G28,Perferendis corporis fugit ullam nisi.,C12,3.00
Z8,G19,Nesciunt dolor quas voluptatem corporis.,C93,4.00
Z80,G68,Saepe fugit necessitatibus non velit.,C140,5.00
Z81,G119,Harum iste dolore nobis.,C19,4.00
Z82,G44,Quas natus laboriosam.,C162,2.00
Z83,G183,Nostrum beatae sit consectetur temporibus eos provident.,C128,5.00
Z84,G87,Delectus ullam eius recusandae.,C18,4.00
Z85,G97,Doloribus possimus dolore voluptatum.,C5,2.00
Z86,G174,Qui voluptas mollitia iusto commodi.,C10,3.00
Z87,G90,Praesentium illo voluptate sed amet explicabo.,C121,2.00
Z88,G25,Ducimus earum quam amet.,C199,5.00
Z89,G33,Provident nemo tempore pariatur.,C111,4.00
Z9,G187,Asperiores similique assumenda voluptatem voluptatum facilis ratione.,C109,3.00
Z90,G36,Laboriosam expedita amet aliquam illo tenetur.,C97,3.00
Z91,G98,Reprehenderit perferendis animi animi reiciendis odio inventore.,C157,4.00
Z92,G65,Accusantium odio expedita.,C17,4.00
Z93,G89,Eaque enim impedit corporis rerum excepturi laborum.,C39,5.00
Z94,G63,Delectus consequuntur eos commodi quos natus quisquam.,C184,5.00
Z95,G41,Esse debitis molestias assumenda accusantium ullam consequatur numquam.,C157,3.00
Z96,G178,Velit mollitia modi.,C181,4.00
Z97,G168,Saepe dignissimos quos nulla repudiandae.,C32,2.00
Z98,G134,Cupiditate expedita dolore ad voluptatem.,C93,5.00
Z99,G110,Perspiciatis modi nisi quod perspiciatis animi.,C135,2.00
